Sales Month,Stock#,Model,VIN,DAYS TO SELL,MODEL CODE,EXT CODE,INT CODE
202501,N14696,QX50 2.0T AWD PUR,3PCAJ5AB2SF104864,43,8101,BW5,G
202502,N14630,QX50 2.0T AWD PUR,3PCAJ5AB2SF102662,134,8101,KAD,G
202509,N14850,QX50 2.0T AWD PUR,3PCAJ5AB9SF108653,203,8101,KH3,G
202503,N14649,QX50 2.0T AWD PUR,3PCAJ5AB9SF104067,133,8101,QM1,G
202503,N14620,QX50 2.0T AWD PUR,3PCAJ5AB9SF102402,161,8101,QM1,G
202507,N14711,QX50 2.0T AWD LUXE,3PCAJ5BB8SF104348,213,8111,BW5,G
202502,N14743,QX50 2.0T AWD LUX,3PCAJ5BB5SF106588,51,8111,KAD,G
202505,,QX50 2.0T AWD SPORT,3PCAJ5FB0SF104435,166,8111,KAD,G
202506,N14742,QX50 2.0T AWD LUXE,3PCAJ5BB6SF106857,178,8111,KAD,G
202505,N14671,QX50 2.0T AWD LUXE,3PCAJ5BB6SF105711,177,8111,KAD,W
202508,N14869,QX50 2.0T AWD LUXE,3PCAJ5BB4SF110518,129,8111,KBZ,G
202412,N14726,QX50 2.0T AWD LUX,3PCAJ5BB8SF106598,12,8111,KBZ,W
202507,N14825,QX50 2.0T AWD SPORT,3PCAJ5FBXSF108816,132,8111,KH3,A
202501,N14739,QX50 2.0T AWD LUX,3PCAJ5BB6SF106695,42,8111,KH3,G
202503,N14725,QX50 2.0T AWD SPORT,3PCAJ5FB4SF106625,96,8111,KH3,G
202507,N14709,QX50 2.0T AWD LUXE,3PCAJ5BB5SF106199,221,8111,KH3,G
202507,N14712,QX50 2.0T AWD LUXE,3PCAJ5BB6SF106261,221,8111,KH3,G
202503,N14695,QX50 2.0T AWD LUXE,3PCAJ5BB5SF105442,90,8111,QBE,G
202505,N14781,QX50 2.0T AWD LUXE,3PCAJ5BB0SF107373,113,8111,QBE,G
202502,N14727,QX50 2.0T AWD LUXE,3PCAJ5BB3SF106492,49,8111,QBE,W
202501,N14673,QX50 2.0T AWD LUXE,3PCAJ5BB0SF105378,58,8111,QM1,G
202510,N14948,QX50 2.0T AWD SPORT,3PCAJ5FBXSF109643,DT,8121,KH3,G
202504,N14697,QX50 2.0T AWD SPORT,3PCAJ5FB0SF105293,119,8121,QBE,A
202504,N14849,QX50 2.0T AWD SPORT,3PCAJ5FB5SF108786,26,8121,QBE,G
202410,N14456,QX50 2.0T FWD SPO,3PCAJ5FA0RF102301,223,8131,KAD,A
202412,N14525,QX50 2.0T FWD LUX,3PCAJ5BA8RF112029,151,8131,KAD,W
202412,N14523,QX50 2.0T FWD LUX,3PCAJ5BA8RF109146,175,8131,KAD,W
202412,N14509,QX50 2.0T FWD LUX,3PCAJ5BA7RF106495,201,8131,KAD,W
202412,N14506,QX50 2.0T FWD LUX,3PCAJ5BA1RF106413,207,8131,KAD,W
202412,N14492,QX50 2.0T FWD LUX,3PCAJ5BA0RF111814,236,8131,KAD,W
202501,N14520,QX50 2.0T FWD LUX,3PCAJ5BA2RF114102,193,8131,KBZ,G
202409,N14491,QX50 2.0T FWD LUX,3PCAJ5BA9RF111889,143,8131,KH3,W
202411,N14519,QX50 2.0T FWD LUX,3PCAJ5BA5RF111968,147,8131,KH3,W
202412,N14527,QX50 2.0T FWD LUX,3PCAJ5BA2RF107148,154,8131,KH3,W
202412,N14578,QX50 2.0T FWD LUX,3PCAJ5BAXRF105227,134,8131,QBE,W
202410,N14512,QX50 2.0T FWD LUX,3PCAJ5BA1RF106850,140,8131,QBE,W
202410,N14498,QX50 2.0T FWD LUX,3PCAJ5BA6RF111736,171,8131,QBE,W
202410,N14490,QX50 2.0T FWD LUX,3PCAJ5BAXRF105275,178,8131,QBE,W
202409,N14455,QX50 2.0T FWD LUX,3PCAJ5BA1RF106363,202,8131,QBE,W
202411,N14493,QX50 2.0T FWD LUX,3PCAJ5BAXRF111870,222,8131,QBE,W
202410,N14453,QX50 2.0T FWD LUX,3PCAJ5BA8RF106859,232,8131,QBE,W
202410,N14437,QX50 2.0T FWD LUX,3PCAJ5BA2RF107179,247,8131,QBE,W
202411,N14466,QX50 2.0T FWD LUX,3PCAJ5BA9RF105252,255,8131,QBE,W
202409,N14559,QX50 2.0T AWD SPORT,3PCAJ5FA7RF110704,49,8151,QBE,G
202412,N14650,QX55 2.0T AWD LUX,3PCAJ5JR2SF103453,45,8201,KBZ,G
202504,N14815,QX55 2.0T AWD LUX,3PCAJ5JR4SF106564,61,8201,KBZ,G
202506,N14867,QX55 2.0T AWD LUXE,3PCAJ5JR9SF110271,82,8201,KBZ,G
202504,N14822,QX55 2.0T AWD LUX,3PCAJ5JR3SF108533,53,8201,KH3,G
202411,N14570,QX55 2.0T AWD LUX,3PCAJ5JRXSF100896,217,8201,KH3,G
202502,N14672,QX55 2.0T AWD LUX,3PCAJ5JR4SF105575,72,8201,KH3,K
202501,N14642,QX55 2.0T AWD LUX,3PCAJ5JR1SF104030,86,8201,QBE,G
202503,N14710,QX55 2.0T AWD SEN,3PCAJ5LR2SF104941,136,8211,BW5,K
202502,N14571,QX55 2.0T AWD ESS,3PCAJ5KR2SF101023,190,8211,KH3,K
202412,N14643,QX55 2.0T AWD SEN,3PCAJ5LR5SF104481,40,8211,QBE,A
202504,N14641,QX55 2.0T AWD ESSN,3PCAJ5KRXSF104560,162,8211,QBE,G
202502,N14793,QX80 PURE 4WD,JN8AZ3AB4S9405258,5,8301,KAV,G
202501,N14730,QX80 PURE 2WD,JN8AZ3AA4S9001111,29,8311,KAV,C
202505,N14706,QX80 PURE 2WD,JN8AZ3AA4S9000976,173,8311,KAV,C
202601,,QX80 PURE 2WD,JN8AZ3AA9T9010159,100,8311,KAV,G
202601,,QX80 PURE 2WD,JN8AZ3AA9T9010355,24,8311,KCN,C
202606,,QX80 PURE 2WD,JN8AZ3AA7T9010631,DT,8311,KCN,C
202602,,QX80 PURE 2WD,JN8AZ3AA4T9010456,21,8311,KCN,G
202605,,QX80 PURE 2WD,JN8AZ3AA4T9011333,14,8311,KH3,C
202411,N14632,QX80 PURE 2WD,JN8AZ3AA2S9000118,20,8311,KH3,C
202604,,QX80 PURE 2WD,JN8AZ3AA9T9010646,26,8311,KH3,C
202502,N14729,QX80 PURE 2WD,JN8AZ3AA4S9001061,68,8311,KH3,C
202505,,QX80 PURE 2WD,JN8AZ3AA5S9001487,81,8311,KH3,G
202504,N14767,QX80 PURE 2WD,JN8AZ3AA7S9001197,83,8311,KH3,G
202410,N14612,QX80 PURE 2WD,JN8AZ3AA6S9000607,2,8311,QBE,C
202511,,QX80 PURE 2WD,JN8AZ3AA7T9010029,3,8311,QBE,C
202511,,QX80 PURE 2WD,JN8AZ3AA8T9010234,4,8311,QBE,C
202604,,QX80 PURE 2WD,JN8AZ3AA9T9010386,18,8311,QBE,C
202602,,QX80 PURE 2WD,JN8AZ3AA3T9010383,41,8311,QBE,C
202505,,QX80 PURE 2WD,JN8AZ3AA2S9001334,71,8311,QBE,C
202412,N14615,QX80 PURE 2WD,JN8AZ3AA9S9000407,73,8311,QBE,C
202509,,QX80 PURE 2WD,JN8AZ3AA2T9010018,33,8311,QBE,G
202504,N14833,QX80 PURE 2WD,JN8AZ3AA4S9001562,42,8311,QBE,G
202507,N14883,QX80 PURE 2WD,JN8AZ3AA3S9001875,DT,8311,QBE,G
202507,N14884,QX80 PURE 2WD,JN8AZ3AA3S9001696,DT,8311,QBE,G
202508,N14893,QX80 PURE 2WD,JN8AZ3AAXS9001713,DT,8311,QBE,G
202409,N14584,QX80 LUXE 4WD,JN8AZ3BB7S9401140,4,8321,KH3,P
202503,N14792,QX80 LUXE 4WD,JN8AZ3BB8S9405259,40,8321,KH3,P
202502,N14668,QX80 LUXE 4WD,JN8AZ3BB0S9402176,87,8321,KH3,P
202512,,QX80 LUXE 4WD,JN8AZ3BE6T9720394,DT,8321,RCJ,P
202504,N14744,QX80 LUXE 2WD ,JN8AZ3BA7S9000453,96,8331,KAV,G
202410,N14631,QX80 LUXE 2WD,JN8AZ3BA1S9000934,2,8331,KAV,P
202503,N14734,QX80 LUXE 2WD,JN8AZ3BA5S9000581,71,8331,KAV,P
202603,,QX80 LUXE 2WD,JN8AZ3BA6T9010568,7,8331,KCN,G
202604,,QX80 LUXE 2WD,JN8AZ3BA0T9010842,8,8331,KCN,P
202605,,QX80 LUXE 2WD,JN8AZ3BA2T9011085,DT,8331,KCN,P
202412,N14669,QX80 LUXE 2WD,JN8AZ3BA8S9000445,35,8331,KH3,G
202504,N14818,QX80 LUXE 2WD ,JN8AZ3BA5S9001343,50,8331,KH3,G
202502,N14666,QX80 LUXE 2WD,JN8AZ3BA7S9000145,83,8331,KH3,G
202503,N14681,QX80 LUXE 2WD,JN8AZ3BAXS9000947,92,8331,KH3,G
202508,N14745,QX80 LUXE 2WD,JN8AZ3BA5S9000256,219,8331,KH3,G
202507,N14667,QX80 LUXE 2WD,JN8AZ3BA6S9000072,221,8331,KH3,G
202504,N14870,QX80 LUXE 2WD ,JN8AZ3BD6S9200217,DNQ,8331,KH3,G
202512,,QX80 LUXE RWD,JN8AZ3BA1T9010350,1,8331,KH3,P
202412,X9229,QX80 LUXE 2WD,JN8AZ3BA3S9001082,7,8331,KH3,P
202502,N14759,QX80 LUXE 2WD,JN8AZ3BA1S9000707,21,8331,KH3,P
202504,N14841,QX80 LUXE 2WD ,JN8AZ3BA1S9001503,35,8331,KH3,P
202412,N14602,QX80 LUXE 2WD,JN8AZ3BD6S9200122,94,8331,KH3,P
202507,N14885,QX80 LUXE 2WD,JN8AZ3BA4S9000281,DT,8331,KH3,P
202602,,QX80 LUXE 2WD,JN8AZ3BA2T9010048,DT,8331,KH3,P
202509,N14907,QX80 LUXE 2WD,JN8AZ3BA8T9010054,15,8331,QBE,G
202511,,QX80 LUXE 2WD,JN8AZ3BA2T9010261,4,8331,QBE,P
202604,,QX80 LUXE 2WD,JN8AZ3BA5T9010996,8,8331,QBE,P
202409,N14598,QX80 LUXE 2WD,JN8AZ3BA0S9000066,9,8331,QBE,P
202606,,QX80 LUXE 2WD,JN8AZ3BA4T9011377,13,8331,QBE,P
202606,,QX80 LUXE 2WD,JN8AZ3BA7T9011387,25,8331,QBE,P
202503,N14820,QX80 LUXE 2WD,JN8AZ3VA6S9001383,29,8331,QBE,P
202512,,QX80 LUXE RWD,JN8AZ3BA7T9010319,30,8331,QBE,P
202502,N14758,QX80 LUXE 2WD,JN8AZ3BA4S9000846,36,8331,QBE,P
202412,N14634,QX80 LUXE 2WD,JN8AZ3BA6S9000279,47,8331,QBE,P
202504,,QX80 LUXE 2WD,JN8AZ3BA9S9001488,52,8331,QBE,P
202504,,QX80 LUXE 2WD,JN8AZ3BA1S9001484,55,8331,QBE,P
202504,N14633,QX80 LUXE 2WD,JN8AZ3BAXS9000933,157,8331,QBE,P
202602,,QX80 LUXE 2WD,JN8AZ3BA5T9010495,DT,8331,QBE,P
202602,,QX80 LUXE 2WD,JN8AZ3BA5T9010495,DT,8331,QBE,P
202502,N14794,QX80 SENSORY 4WD,JN8AZ3DBXS9401422,10,8341,GAT,G
202510,N14857,QX80 SENSORY 4WD,JN8AZ3DB5S9405667,198,8341,GAT,P
202409,N14585,QX80 SENSORY 4WD,JN8AZ3DB0S9401333,19,8341,KCN,G
202507,N14708,QX80 SENSORY 4WD,JN8AZ3DB8S9402858,207,8341,KCN,G
202510,N14753,QX80 SENSORY 4WD,JN8AZ3DB5S9400372,277,8341,KCN,G
202410,N14611,QX80 SENSORY 4WD,JN8AZ3DB6S9400266,1,8341,KCN,P
202508,N14872,QX80 SENSORY 4WD,JN8AZ3DB2S9402399,40,8341,KCN,P
202509,N14768,QX80 SENSORY 4WD,JN8AZ3DBXS9402084,242,8341,QBE,G
202501,N14731,QX80 SENSORY 4WD,JN8AZ3DB0S9401896,31,8341,QBE,P
202505,N14752,QX80 SENSORY 4WD,JN8AZ3DB8S9401838,148,8341,QBE,P
202507,N14757,QX80 SENSORY 4WD,JN8AZ3DB6S9404513,180,8341,QBE,P
202512,,QX80 AUTOGRAPH,JN8AZ3CC4T9621344,9,8361,GAT,A
202501,N14765,QX80 AUTOGRAPH,JN8AZ3CC3S9603545,10,8361,GAT,A
202510,,QX80 AUTOGRAPH,JN8AZ3CC0T9621017,45,8361,GAT,A
202503,N14766,QX80 AUTOGRAPH,JN8AZ3CC7S9603564,60,8361,GAT,A
202604,,QX80 AUTOGRAPH,JN8AZ3CC5T9621000,59,8361,GAT,G
202604,,QX80 AUTOGRAPH,JN8AZ3CC3T9623263,DT,8361,GAT,G
202601,,QX80 AUTOGRAPH,JN8AZ3CC2T9622511,DT,8361,QBE,G
202503,N14670,QX80 AUTOGRAPH,JN8AZ3CC9S9600391,114,8361,XHQ,G
202509,N14901,QX80 AUTOGRAPH,JN8AZ3CC7T9620804,9,8361,XKD,A
202602,,QX80 AUTOGRAPH,JN8AZ3CC3T9622680,36,8361,XKD,A
202412,N14646,QX80 AUTOGRAPH,JN8AZ3CC6S9600266,47,8361,XKD,A
202505,,QX80 AUTOGRAPH,JN8AZ3CC3S9603738,98,8361,XKD,A
202512,,QX80 AUTOGRAPH,JN8AZ3CC3T9622159,20,8361,XKD,G
202411,N14603,QX80 AUTOGRAPH,JN8AZ3CC5S9601456,45,8361,XKD,G
202605,,QX80 AUTOGRAPH,JN8AZ3CCXT9623504,47,8361,XKD,G
202503,N14864,QX80 AUTOGRAPH,JN8AZ3CC9S9604537,3,8361,XKJ,A
202509,,QX80 AUTOGRAPH,JN8AZ3CC1T9620426,7,8361,XKJ,A
202512,,QX80 AUTOGRAPH,JN8AZ3CC4T9621778,9,8361,XKJ,A
202410,N14614,QX80 AUTOGRAPH,JN8AZ3CC1S9601518,10,8361,XKJ,A
202601,,QX80 AUTOGRAPH,JN8AZ3CC5T9622552,12,8361,XKJ,A
202606,,QX80 AUTOGRAPH,JN8AZ3CC4T9624356,18,8361,XKJ,A
202512,,QX80 AUTOGRAPH,JN8AZ3CC2T9620659,20,8361,XKJ,A
202604,,QX80 AUTOGRAPH,JN8AZ3CC7T9623797,23,8361,XKJ,A
202512,,QX80 AUTOGRAPH,JN8AZ3CC1T9621656,26,8361,XKJ,A
202604,,QX80 AUTOGRAPH,JN8AZ3CC8T9621105,64,8361,XKJ,A
202512,,QX80 AUTOGRAPH,JN8AZ3CC8T9621704,DT,8361,XKJ,A
202409,N14599,QX80 AUTOGRAPH,JN8AZ3CC0S9600666,6,8361,XKJ,G
202512,,QX80 AUTOGRAPH,JN8AZ3CC4T9621831,9,8361,XKJ,G
202604,,QX80 AUTOGRAPH,JN8AZ3CC0T9623320,15,8361,XKJ,G
202509,N14906,QX80 AUTOGRAPH,JN8AZ3CC5T9620476,17,8361,XKJ,G
202606,,QX80 AUTOGRAPH,JN8AZ3CC4T9624308,18,8361,XKJ,G
202510,,QX80 AUTOGRAPH,JN8AZ3CC0T9620627,DT,8361,XKJ,G
202409,N14595,QX80 AUTOGRAPH,JN8AZ3CC5S9601487,4,8361,XLF,A
202410,N14610,QX80 AUTOGRAPH,JN8AZ3CC5S9600372,11,8361,XLF,A
202507,N14877,QX80 AUTOGRAPH,JN8AZ3CC6S9604642,16,8361,XLF,A
202601,,QX80 AUTOGRAPH,JN8AZ3CC7T9622603,22,8361,XLF,A
202512,,QX80 AUTOGRAPH,JN8AZ3CC9T9621694,27,8361,XLF,A
202603,,QX80 AUTOGRAPH,JN8AZ3CC2T9622539,46,8361,XLF,A
202504,N14871,QX80 AUTOGRAPH,JN8AZ3CC9S9603968,DNQ,8361,XLF,A
202601,,QX80 AUTOGRAPH,JN8AZ3CC6T9621099,DT,8361,XLF,A
202409,N14601,QX80 AUTOGRAPH,JN8AZ3CC8S9601466,1,8361,XLF,G
202503,N14832,QX80 AUTOGRAPH,JN8AZ3CC4S9604252,3,8361,XLF,G
202412,N14732,QX80 AUTOGRAPH,JN8AZ3CC9S9602898,10,8361,XLF,G
202512,,QX80 AUTOGRAPH,JN8AZ3CCXT9622028,24,8361,XLF,G
202512,,QX80 SPORT,JN8AZ3DB6T9432488,20,8381,GAT,D
202603,,QX80 SPORT,JN8AZ3DB3T9433761,55,8381,GAT,D
202604,,QX80 SPORT,JN8AZ3DB6T9430501,71,8381,GAT,D
202512,,QX80 SPORT,JN8AZ3DB6T9430756,77,8381,GAT,D
202601,,QX80 SPORT,JN8AZ3DB4T9432229,40,8381,KCN,D
202603,,QX80 SPORT,JN8AZ3DB8T9431536,55,8381,KCN,D
202509,,QX80 SPORT 4WD,JN8AZ3DBXT9430713,56,8381,KCN,D
202604,,QX80 SPORT,JN8AZ3DB8T9430774,80,8381,KCN,G
202601,,QX80 SPORT,JN8AZ3DB2T9433301,28,8381,XKJ,D
202604,,QX80 SPORT,JN8AZ3DB7T9432807,56,8381,XKJ,D
202603,,QX80 SPORT,JN8AZ3DB0T9433569,53,8381,XLF,D
202410,N14606,QX60 2.0T FWD PUR,5N1AL1ER5SC337950,25,8411,GAT,C
202411,N14661,QX60 2.0T FWD PUR,5N1AL1ER4SC344503,7,8411,GAT,G
202409,N14589,QX60 2.0T FWD PUR,5N1AL1ER4SC335946,7,8411,GAT,G
202409,N14588,QX60 2.0T FWD PUR,5N1AL1ER3SC335758,12,8411,GAT,G
202411,N14647,QX60 2.0T FWD PUR,5N1AL1ER1SC343552,16,8411,GAT,G
202503,N14807,QX60 2.0T FWD PUR,5N1AL1ER7SC349906,76,8411,GAT,G
202410,N14596,QX60 2.0T FWD PUR,5N1AL1ER7SC338520,27,8411,KAD,C
202501,N14722,QX60 2.0T FWD PUR,5N1AL1ER9SC347204,35,8411,KAD,C
202512,,QX60 PURE FWD,5N1AL1ERXTC347407,9,8411,KH3,G
202512,,QX60 PURE FWD,5N1AL1ER7TC332282,DT,8411,KH3,G
202508,N14899,QX60 2.0T FWD PUR,5N1AL1ER6TC332788,1,8411,KH3,K
202412,N14703,QX60 2.0T FWD PUR,5N1AL1ER2SC345892,5,8411,QAK,C
202412,N14717,QX60 2.0T FWD PUR,5N1AL1ER5SC346857,8,8411,QAK,C
202411,N14628,QX60 2.0T FWD PUR,5N1AL1ER9SC342102,16,8411,QAK,C
202410,N14608,QX60 2.0T FWD PUR,5N1AL1ER2SC339185,24,8411,QAK,C
202501,N14736,QX60 2.0T FWD PUR,5N1AL1ER5SC347720,29,8411,QAK,C
202504,N14787,QX60 2.0T FWD PUR,5N1AL1ER2SC350266,72,8411,QAK,C
202506,N14824,QX60 2.0T FWD PUR,5N1AL1ER3SC353743,101,8411,QAK,C
202409,N14579,QX60 2.0T FWD PUR,5N1AL1ER4SC334389,15,8411,QAK,G
202509,N14861,QX60 2.0T FWD PUR,5N1AL1ER4SC356425,32,8411,QAK,G
202510,,QX60 2.0T FWD PUR,5N1AL1ER1TC341897,8,8411,QBE,K
202511,,QX60 2.0T FWD PUR,5N1AL1ER7TC343122,17,8411,QBE,K
202512,,QX60 PURE FWD,5N1AL1ER1TC346534,21,8411,QBE,K
202509,N14913,QX60 2.0T FWD PUR,5N1AL1ER6TC336257,DT,8411,QBE,K
202602,,QX60 LUXE AWD,5N1AL1FS8TC330641,40,8421,DAT,K
202604,,QX60 LUXE AWD,5N1AL1FS6TC359166,16,8421,GAT,G
202602,,QX60 LUXE AWD,5N1AL1FS1TC340492,18,8421,GAT,G
202602,,QX60 LUXE AWD,5N1AL1FSXTC338580,25,8421,GAT,G
202605,,QX60 LUXE AWD,5N1AL1FS3TC359058,32,8421,QBE,G
202510,,QX60 2.0T FWD LUX,5N1AL1FR6TC340503,24,8431,DAT,K
202411,N14546,QX60 2.0T FWD LUX,5N1AL1FR4SC331989,101,8431,GAT,C
202502,N14644,QX60 2.0T FWD LUX,5N1AL1FRXSC340888,118,8431,GAT,C
202604,,QX60 LUXE FWD,5N1AL1FR7TC358315,3,8431,GAT,G
202603,,QX60 LUXE FWD,5N1AL1FR5TC352643,32,8431,GAT,G
202509,,QX60 2.0T FWD LUX,5N1AL1FR9TC335702,36,8431,GAT,G
202501,N14659,QX60 2.0T FWD LUX,5N1AL1FR9SC344835,59,8431,GAT,G
202411,N14542,QX60 2.0T FWD LUX,5N1AL1FR9SC330563,98,8431,GAT,G
202411,N14535,QX60 2.0T FWD LUX,5N1AL1FR0SC333240,99,8431,GAT,G
202411,N14551,QX60 2.0T FWD LUX,5N1AL1FRXSC333407,104,8431,GAT,G
202506,N14769,QX60 2.0T FWD LUX,5N1AL1FRXSC348487,150,8431,GAT,G
202506,N14658,QX60 2.0T FWD LUX,5N1AL1FR6SC344873,198,8431,GAT,G
202604,,QX60 LUXE FWD,5N1AL1FR4TC357672,9,8431,GAT,K
202601,,QX60 LUXE,5N1AL1FR3TC330110,30,8431,GAT,K
202604,,QX60 LUXE FWD,5N1AL1FRXTC354081,DT,8431,GAT,K
202505,,QX60 2.0T FWD LUX,5N1AL1FR4SC350932,100,8431,KAD,C
202502,N14623,QX60 2.0T FWD LUX,5N1AL1FR2SC340268,103,8431,KAD,C
202606,,QX60 LUXE FWD,5N1AL1F53VC331760,36,8431,KAD,K
202511,,QX60 2.0T FWD LUX,5N1AL1FR3TC337851,DT,8431,KAD,K
202603,,QX60 LUXE FWD,5N1AL1FR4TC352780,DT,8431,KAD,K
202602,,QX60 LUXE FWD,5N1AL1FR7TC352532,3,8431,KBY,G
202505,,QX60 2.0T FWD LUX,5N1AL1FR6SC341911,190,8431,KBY,G
202603,,QX60 LUXE FWD,5N1AL1FR3TC352804,DT,8431,KBY,G
202411,N14639,QX60 2.0T FWD LUX,5N1AL1FR9SC343460,14,8431,KCF,C
202412,N14685,QX60 2.0T FWD LUX,5N1AL1FR1SC345008,30,8431,KCF,C
202503,N14677,QX60 2.0T FWD LUX,5N1AL1FR4SC344919,115,8431,KCF,C
202506,N14773,QX60 2.0T FWD LUX,5N1AL1FR5SC349353,149,8431,KCF,C
202505,N14796,QX60 2.0T FWD LUX,5N1AL1FR0SC350622,116,8431,KCF,G
202603,,QX60 LUXE FWD,5N1AL1FR4TC357865,1,8431,KCF,K
202509,,QX60 2.0T FWD LUX,5N1AL1FR7TC335083,17,8431,KCF,K
202510,,QX60 2.0T FWD LUX,5N1AL1FR4TC337499,DT,8431,NBM,K
202410,N14617,QX60 2.0T FWD LUX,5N1AL1FR4SC340398,14,8431,QAB,C
202411,N14638,QX60 2.0T FWD LUX,5N1AL1FR6SC343156,15,8431,QAB,C
202412,N14692,QX60 2.0T FWD LUX,5N1AL1FR5SC345612,26,8431,QAB,C
202410,N14592,QX60 2.0T FWD LUX,5N1AL1FR6SC336949,38,8431,QAB,C
202503,N14782,QX60 2.0T FWD LUX,5N1AL1FR5SC349692,44,8431,QAB,C
202502,N14686,QX60 2.0T FWD LUX,5N1AL1FR7SC345367,68,8431,QAB,C
202504,N14797,QX60 2.0T FWD LUX,5N1AL1FR4SC350638,68,8431,QAB,C
202501,N14581,QX60 2.0T FWD LUX,5N1AL1FR1SC334431,142,8431,QAB,C
202504,,QX60 2.0T FWD LUX,5N1AL1FR5SC345495,150,8431,QAB,C
202503,N14621,QX60 2.0T FWD LUX,5N1AL1FRXS340552,158,8431,QAB,C
202506,N14698,QX60 2.0T FWD LUX,5N1AL1FR0SC345498,197,8431,QAB,C
202503,N14779,QX60 2.0T FWD LUX,5N1AL1FR3SC350288,51,8431,QAB,G
202506,N14715,QX60 2.0T FWD LUX,5N1AL1FR1SC346529,200,8431,QAB,G
202603,,QX60 LUXE FWD,5N1AL1FR8TC357125,2,8431,QBE,K
202605,,QX60 LUXE FWD,5N1AL1F55VC331288,36,8431,QBE,K
202604,,QX60 LUXE FWD,5N1AL1FR4TC353153,DT,8431,QBE,K
202605,,QX60 LUXE FWD,5N1AL1FRXTC358311,DT,8431,QBE,K
202503,N14806,QX60 2.0T AWD SEN,5N1AL1GS9SC348644,29,8441,GAT,C
202604,,QX60 SPORT,5N1AL1FW7TC358188,9,8441,GAT,D
202512,,QX60 SPORT,5N1AL1FW2TC347213,19,8441,GAT,D
202602,,QX60 SPORT,5N1AL1FW7TC338684,22,8441,GAT,D
202509,N14894,QX60 AWD SPORT,5N1AL1FW5TC332205,25,8441,GAT,D
202602,,QX60 SPORT AWD,5N1AL1FW7TC338684,25,8441,GAT,D
202512,,QX60 2.0T AWD SPORT,5N1AL1FW7TC336790,83,8441,GAT,D
202605,,QX60 SPORT,5N1AL1F9XVC331287,15,8441,GAT,G
202603,,QX60 SPORT,5N1AL1FW2TC339290,51,8441,GAT,G
202409,N14553,QX60 2.0T AWD SEN,5N1AL1GS5SC330934,50,8441,KBY,G
202508,N14811,QX60 2.0T AWD SEN,5N1AL1GS5SC351640,172,8441,KBY,G
202508,N14778,QX60 2.0T AWD SEN,5N1AL1GS4SC350043,190,8441,KBY,G
202503,N14785,QX60 2.0T AWD SEN,5N1AL1GS9SC350247,30,8441,KBY,P
202410,N14554,QX60 2.0T AWD SEN,5N1AL1GS0SC331912,68,8441,KBY,P
202504,N14705,QX60 2.0T AWD SEN,5N1AL1GS9SC346229,115,8441,KCF,C
202503,N14790,QX60 2.0T AWD SEN,5N1AL1GS349388,52,8441,NBM,G
202502,N14679,QX60 2.0T AWD SEN,5N1AL1GS2SC344371,76,8441,QAB,C
202412,N14713,QX60 2.0T AWD SEN,5N1AL1GSXSC330492,32,8441,QAB,P
202502,N14771,QX60 2.0T AWD SEN,5N1AL1GS6SC348570,36,8441,QAB,P
202409,N14557,QX60 2.0T AWD SEN,5N1AL1GS3SC332309,37,8441,QAB,P
202507,N14873,QX60 2.0T AWD SEN,5N1AL1GS2SC357069,98,8441,QAB,P
202504,N14735,QX60 2.0T AWD SEN,5N1AL1GS1SC346113,99,8441,QAB,P
202507,N14770,QX60 2.0T AWD SEN,5N1AL1GSXSC348488,174,8441,QAB,S
202603,,QX60 SPORT,5N1AL1FW0TC345900,DT,8441,QBE,D
202601,,QX60 SPORT,5N1AL1FW3TC340299,111,8441,QBE,G
202602,,QX60 SPORT,5N1AL1FW8TC339472,34,8441,XKJ,D
202601,,QX60 SPORT,5N1AL1FW6TC339163,36,8441,XKJ,G
202603,,QX60 PURE FWD,5N1AL1ER2TC356604,DT,8451,KH3,G
202603,,QX60 PURE FWD,5N1AL1ER7TC356503,4,8451,KH3,K
202601,,QX60 PURE,5N1AL1ER6TC348344,9,8451,QBE,K
202604,,QX60 PURE FWD,5N1AL1ER5TC357651,9,8451,QBE,K
202601,,QX60 PURE FWD,5N1AL1ER8TC348748,10,8451,QBE,K
202606,,QX60 AUTOGRAPH,5N1AL1HZ2VC334911,12,8461,GAT,P
202606,,QX60 AUTOGRAPH,5N1AL1HZXVC335207,11,8461,XKD,P
202602,,QX60 AUTOGRAPH,5N1AL1HU0TC335752,10,8481,GAQ,G
202512,,QX60 AUTOGRAPH,5N1AL1HU8TC341945,14,8481,GAQ,G
202604,,QX60 AUTOGRAPH,5N1AL1HU9TC356728,31,8481,GAQ,G
202602,,QX60 AUTOGRAPH,5N1AL1HU0TC335752,DT,8481,GAQ,G
202604,,QX60 AUTOGRAPH,5N1AL1HU3TC358734,19,8481,GAQ,K
202508,,QX60 2.0T AWD AUTO,5N1AL1HU7TC334601,15,8481,GAQ,P
202604,,QX60 AUTOGRAPH,5N1AL1HUXTC354616,45,8481,GAQ,P
202509,N14803,QX60 2.0T AWD AUTO,5N1AL1HU1SC351036,225,8481,GAQ,P
202605,,QX60 AUTOGRAPH,5N1AL1HUXTC357659,40,8481,GAT,G
202504,,QX60 2.0T AWD AUTO,5N1AL1HU2SC354060,48,8481,GAT,G
202508,,QX60 2.0T AWD AUTO,5N1AL1HU2TC334313,68,8481,GAT,G
202606,,QX60 AUTOGRAPH,5N1AL1HU2TC349247,52,8481,GAT,K
202603,,QX60 AUTOGRAPH,5N1AL1HU1TC356979,13,8481,GAT,P
202501,N14716,QX60 2.0T AWD AUTO,5N1AL1HU5SC346664,24,8481,GAT,P
202412,N14651,QX60 2.0T AWD AUTO,5N1AL1HU6SC344020,29,8481,GAT,P
202509,N14875,QX60 2.0T AWD AUTO,5N1AL1HU2SC358691,116,8481,GAT,P
202508,N14862,QX60 2.0T AWD AUTO,5N1AL1HU6SC356118,154,8481,GAT,P
202509,N14859,QX60 2.0T AWD AUTO,5N1AL1HU9SC355710,195,8481,GAT,P
202503,N14843,QX60 2.0T AWD AUTO,5N1AL1HU3SC355069,8,8481,XBJ,G
202412,N14652,QX60 2.0T AWD AUTO,5N1AL1HU1SC344152,29,8481,XBJ,P
202501,N14635,QX60 2.0T AWD AUTO,5N1AL1HU6SC340758,70,8481,XBJ,P
202501,N14660,QX60 2.0T AWD AUTO,5N1AL1HU8SC344326,73,8481,XBJ,P
202411,N14572,QX60 2.0T AWD AUTO,5N1AL1HU2SC333192,108,8481,XBJ,P
202501,N14565,QX60 2.0T AWD AUTO,5N1AL1HU2SC333242,154,8481,XBJ,P
202507,N14817,QX60 2.0T AWD AUTO,5N1AL1HU2SC351370,159,8481,XBJ,P
202506,N14704,QX60 2.0T AWD AUTO,5N1AL1HU3SC345884,176,8481,XBJ,P
202506,N14700,QX60 2.0T AWD AUTO,5N1AL1HU7SC346102,190,8481,XBJ,P
202411,N14664,QX60 2.0T AWD AUTO,5N1AL1HU2SC342880,4,8481,XEX,G
202410,N14538,QX60 2.0T AWD AUTO,5N1AL1HU2SC330311,92,8481,XEX,G
202508,N14809,QX60 2.0T AWD AUTO,5N1AL1HU5SC351279,192,8481,XEX,G
202507,N14751,QX60 2.0T AWD AUTO,5N1AL1HU9SC348059,212,8481,XEX,G
202412,N14688,QX60 2.0T AWD AUTO,5N1AL1HU5SC344817,27,8481,XEX,P
202505,,QX60 2.0T AWD AUTO,5N1AL1HU8SC350806,87,8481,XEX,P
202505,,QX60 2.0T AWD AUTO,5N1AL1HU9SC343038,171,8481,XFW,P
202505,N14836,QX60 2.0T AWD AUTO,5N1AL1HU2SC354463,82,8481,XHU,G
202604,,QX60 AUTOGRAPH,5N1AL1HU3TC356563,4,8481,XHU,P
202412,N14680,QX60 2.0T AWD AUTO,5N1AL1HU0SC343316,10,8481,XHU,P
202509,N14924,QX60 2.0T AWD AUTO,5N1AL1HU4TC335897,12,8481,XHU,P
202502,N14754,QX60 2.0T AWD AUTO,5N1AL1HU1SC348038,41,8481,XHU,P
202411,N14545,QX60 2.0T AWD AUTO,5N1AL1HU6SC331865,105,8481,XHU,P
202508,N14855,QX60 2.0T AWD AUTO,5N1AL1HU9SC355075,134,8481,XHU,P
202512,,QX60 2.0T AWD AUTO,5N1AL1HU5TC333351,16,8481,XKD,G
202603,,QX60 AUTOGRAPH,5N1AL1HU5TC353132,31,8481,XKD,P
202602,,QX60 AUTOGRAPH,5N1AL1HU7TC352709,3,8481,XKJ,K
202602,,QX60 AUTOGRAPH,5N1AL1HU0TC351398,9,8481,XKJ,K
202604,,QX60 AUTOGRAPH,5N1AL1HU1TC358537,16,8481,XKJ,K
202601,,QX60 AUTOGRAPH,5N1AL1HU9TC341551,20,8481,XKJ,K
202509,,QX60 2.0T AWD AUTO,5N1AL1HUXTC338660,35,8481,XKJ,K
202601,,QX60 AUTOGRAPH,5N1AL1HUXTC330476,90,8481,XKJ,K
202511,,QX60 2.0T AWD AUTO,5N1AL1HU1TC344699,2,8481,XKJ,P
202602,,QX60 AUTOGRAPH,5N1AL1HU2TC352049,3,8481,XKJ,P
202603,,QX60 AUTOGRAPH,5N1AL1HU0TC354186,9,8481,XKJ,P
202604,,QX60 AUTOGRAPH,5N1AL1HU4TC358547,22,8481,XKJ,P
202605,,QX60 AUTOGRAPH,5N1AL1HU3TC358488,22,8481,XKJ,P
202512,,QX60 AUTOGRAPH,5N1AL1HU8TC336437,29,8481,XKJ,P
202605,,QX60 AUTOGRAPH,5N1AL1HU6TC352216,45,8481,XKJ,P
202512,,QX60 2.0T AWD AUTO,5N1AL1HU0TC344483,DT,8481,XKJ,P
202603,,QX60 AUTOGRAPH,5N1AL1HU8TC354890,DT,8481,XKJ,P
202510,,QX60 2.0T AWD AUTO,5N1AL1HU1TC333511,DT,8481,YCF,P
202605,,QX65 LUXE,5N1AC0EX1VC601663,1,8501,KH3,G
202605,,QX65 LUXE AWD,5N1AC0EX4VC601169,6,8501,QBE,K
202606,,QX65 LUXE,5N1AC0EX4VC602239,22,8501,QBE,K
202606,,QX65 SPORT,5N1AC0FX6VC602869,11,8511,KBY,G
202605,,QX65 SPORT,5N1AC0FX8VC601058,11,8511,QBE,G
202605,,QX65 AUTOGRAPH,5N1AC0JX7VC600488,1,8521,GAT,N
202605,,QX65 AUTOGRAPH,5N1AC0JX1VC601300,7,8521,XKJ,K
202606,,QX65 SPORT,5N1AC0FX9VC600758,18,8511,QBE,G
202606,,QX60 SPORT,5N1AL1F99BC333337,49,8441,GAT,G
202606,,QX60 LUXE FWD,5N1AL1F59VC330497,62,8431,KCF,K
202606,,QX80 AUTOGRAPH,JN8AZ3CC7T9621029,58,8361,XKJ,G
202606,,QX80 PURE 2WD,JN8AZ3AA0T9010874,89,8311,KH3,G
202606,N15170,QX60 AUTOGRAPH AWD,5N1AL1HZ9VC333951,33,8461,GAQ,P
202606,N15130,QX60 2.0T FWD LUXE,5N1AL1FRXTC359104,63,8431,QBE,G
202606,N15183,QX60 LUXE FWD,5N1AL1F58VC337070,21,8431,KCG,K
202606,N15113,QX80 LUXE 2WD,JN8AZ3BA7T9010899,76,8331,QBE,G
202606,T9620531,QX80 AUTOGRAPH 4WD,JN8AZ3CC9T9620531,65,8361,XKJ,G
202606,TERRANCEB,QX65 AUTOGRAPH AWD,5N1AC0JX5VC603292,15,8521,XKJ,N
202606,N15137,QX60 SPORT AWD,5N1AL1F99VC333337,48,8441,GAT,G
202606,N15184,QX65 SPORT AWD,5N1AC0FX0VC602754,10,8511,GAT,G
202607,,QX80 LUXE 2WD,JN8AZ3BA7T9011373,36,8331,KH3,P
202607,,qx60 autograph,5N1AL1HU1TC355525,43,8481,XKJ,P
202607,,QX80 LUXE 2WD,JN8AZ3BA3T9010382,51,8331,KH3,G
202607,,QX65 AUTOGRAPH,5N1AC0JX4VC600089,17,8521,XKJ,G
202607,,QX60 AUTOGRAPH,5N1AL1HZ9VC336798,35,8461,XKJ,P
202607,,QX65 SPORT,5N1AC0FX9VC604387,8,8511,XEX,G
202607,,QX60 LUXE FWD,5N1AL1F52VC334777,58,8431,QBE,K
202607,,QX80 PURE 2WD,JN8AZ3AA2T9010956,96,8311,QBE,G
202607,,QX80 PURE 2WD,JN8AZ3AAXT9011014,99,8311,QBE,C
202607,,QX80 LUXE 2WD,JN8AZ3BA2T9011006,90,8331,KH3,G
202607,,QX80 PURE 2WD,JN8AZ3AA5T9011017,99,8311,QBE,C
202607,,QX80 SPORT,JN8AZ3DB7T9431401,159,8381,QBE,G
202607,,QX65 SPORT,5N1AC0FX5VC603950,5,8511,XEX,G
